class_guess,matched_phrase,uid,name,license,source_dataset,source,file_identifier_or_url,selected,quality_notes,raw_asset_folder,search_text_preview
glass,beer bottle,b9616981f2a54dacb38d3c45b81f32c3,Beer Bottle,by,objaverse-1.0,,,False,,,"beer bottle [{""name"": ""substancepainter"", ""slug"": ""substancepainter"", ""uri"": ""https://api.sketchfab.com/v3/tags/substancepainter""}, {""name"": ""substance"", ""slug"": ""substance"", ""uri"": ""https://api.sketchfab.com/v3/tags/substance""}] [] by b9616981f2a54dacb38d3c45b81f32c3"
metal,aluminium can,08468b5b1ca04f7dbe4bfe8cfa1a65c9,Aluminium can (3D test),by,objaverse-1.0,,,False,,,"aluminium can (3d test) can [{""name"": ""maya"", ""slug"": ""maya"", ""uri"": ""https://api.sketchfab.com/v3/tags/maya""}] [] by 08468b5b1ca04f7dbe4bfe8cfa1a65c9"
plastic,plastic bag,a6aa2be5b93249bd9b004a49ec012700,Cat Food Bag,by,objaverse-1.0,,,False,,,"cat food bag textured cat food bag for an upcoming project. plastic bag texture by [julio sillet 3d art](https://juliovii.itch.io/plasticpk01), licensed under cc-by contains royalty free images from pexels.com please credit jku.itch.io [{""name"": ""food"", ""slug"": ""food"", ""uri"": ""https://api.sketchfab."
glass,wine bottle,8e6d86cdaa094df0adc7077f061f8aad,Bottle2020,by,objaverse-1.0,,,False,,,"bottle2020 med poly wine bottle with wicker bottom [] [{""name"": ""food-drink""}] by 8e6d86cdaa094df0adc7077f061f8aad"
plastic,water bottle,1f1cd422af2044aaa97aa158c18c436d,Plastic water bottle,by,objaverse-1.0,,,False,,,"plastic water bottle beginner's work. made in blender. [{""name"": ""water"", ""slug"": ""water"", ""uri"": ""https://api.sketchfab.com/v3/tags/water""}, {""name"": ""realism"", ""slug"": ""realism"", ""uri"": ""https://api.sketchfab.com/v3/tags/realism""}, {""name"": ""blender"", ""slug"": ""blender"", ""uri"": ""https://api.sketchf"
paper,newspaper,8bcc57848c6b45f5b2ce1732d5c9d328,HIGH Lentäjän kasvosuojus Cold Weather Face Mask,by,objaverse-1.0,,,False,,,"high lentäjän kasvosuojus cold weather face mask yhdysvaltain ilmavoimien d-1a -kasvosuojus. se oli suomalaisen retkikunnan käytössä tutkimusmatkalla, joka tehtiin keväällä 1966 grönlannin jäätikköalueelle. helsingin sanomat oli yksi hankkeen rahoittajista ja lehdessä julkaistiin runsaasti kirjoituk"
paper,cardboard,0c38a0ddc9ee40269ee606daf63934da,illumina cardboard,by,objaverse-1.0,,,False,,,illumina cardboard [] [] by 0c38a0ddc9ee40269ee606daf63934da
metal,soda can,7a54b5302f40454590e876a76146ad80,Soda Can,by,objaverse-1.0,,,False,,,"soda can soda can i made for a uni assignment. [{""name"": ""drink"", ""slug"": ""drink"", ""uri"": ""https://api.sketchfab.com/v3/tags/drink""}, {""name"": ""food"", ""slug"": ""food"", ""uri"": ""https://api.sketchfab.com/v3/tags/food""}, {""name"": ""soda"", ""slug"": ""soda"", ""uri"": ""https://api.sketchfab.com/v3/tags/soda""}, "
metal,tin can,0b69e10add604138a3abfddc55c2b5be,Old retro motor oil tin can,by,objaverse-1.0,,,False,,,"old retro motor oil tin can an old tin can of automotive engine oil. a little crumpled, a little scratched and a cute retro print. [{""name"": ""automobile"", ""slug"": ""automobile"", ""uri"": ""https://api.sketchfab.com/v3/tags/automobile""}, {""name"": ""oil"", ""slug"": ""oil"", ""uri"": ""https://api.sketchfab.com/v3"
metal,metal can,78a20f91b8be489baf8c3bb7d7422a8b,Geometry Metal Complexes,by,objaverse-1.0,,,False,,,geometry metal complexes models obtained from clauter and modified to suit metal complexes' common geometries. the coordination number is used to suggest possible geometries. the size of the ligand and the metal can deterimine which one is prefered. sometimes the complex has a mixture of geometries.
metal,coke can,bbbb22f40d6a49148db682ff9f2da9fe,Diet Coke Can Color 3D Scan,by-nc,objaverse-1.0,,,False,,,"diet coke can color 3d scan can of diet coke, 3d scanned in color with the artec space spider 3d scanner. total time to scan: 60 seconds total time to process to watertight .obj with color: about 10 minutes see version 2 here: https://sketchfab.com/3d-models/diet-coke-can-version-2-color-3d-scan-949"
paper,cardboard,43e1fac92918420a9d69f8125b9d9328,Arknights Warehouse,by,objaverse-1.0,,,False,,,"arknights warehouse **about model** -based off the default decorations in the riic dorms. -low poly models meant as decorations. [{""name"": ""trolley"", ""slug"": ""trolley"", ""uri"": ""https://api.sketchfab.com/v3/tags/trolley""}, {""name"": ""shelf"", ""slug"": ""shelf"", ""uri"": ""https://api.sketchfab.com/v3/tags/s"
plastic,plastic bag,054baa912618411dae63032adc378e13,Airtight Plastic Bag,by-nc,objaverse-1.0,,,False,,,"airtight plastic bag airtight plastic bags this is a template for you ready to use cc0 [{""name"": ""bag"", ""slug"": ""bag"", ""uri"": ""https://api.sketchfab.com/v3/tags/bag""}, {""name"": ""plastico"", ""slug"": ""plastico"", ""uri"": ""https://api.sketchfab.com/v3/tags/plastico""}, {""name"": ""bolsa"", ""slug"": ""bolsa"", ""u"
paper,cardboard,ac55cdfa077c430b841fe3b05fbd6f11,(dusty)Cardboard box,by,objaverse-1.0,,,False,,,"(dusty)cardboard box here's dusty cardboardbox [{""name"": ""card"", ""slug"": ""card"", ""uri"": ""https://api.sketchfab.com/v3/tags/card""}, {""name"": ""box"", ""slug"": ""box"", ""uri"": ""https://api.sketchfab.com/v3/tags/box""}] [{""name"": ""furniture-home""}] by ac55cdfa077c430b841fe3b05fbd6f11"
paper,cardboard,be75b71069a543ada57e38dffa964b46,"Cardboard Box (No Copyright, Free For All Use)",by,objaverse-1.0,,,False,,,"cardboard box (no copyright, free for all use) a basic cardboard box for games and animations [{""name"": ""boxes"", ""slug"": ""boxes"", ""uri"": ""https://api.sketchfab.com/v3/tags/boxes""}, {""name"": ""random"", ""slug"": ""random"", ""uri"": ""https://api.sketchfab.com/v3/tags/random""}, {""name"": ""furniture"", ""slug"": "
paper,cardboard,b260020dab1c4738942cde87ca9b2474,VR Cromo,by,objaverse-1.0,,,False,,,"vr cromo vr icono [{""name"": ""vr"", ""slug"": ""vr"", ""uri"": ""https://api.sketchfab.com/v3/tags/vr""}, {""name"": ""cardboard"", ""slug"": ""cardboard"", ""uri"": ""https://api.sketchfab.com/v3/tags/cardboard""}, {""name"": ""iconography"", ""slug"": ""iconography"", ""uri"": ""https://api.sketchfab.com/v3/tags/iconography""}, {"""
metal,soda can,8b92426659dc4b0eb303c7d7280727b8,Soda can,by,objaverse-1.0,,,False,,,"soda can coca cola can camera model: zivid one+ small working distance: 500mm [{""name"": ""scanner"", ""slug"": ""scanner"", ""uri"": ""https://api.sketchfab.com/v3/tags/scanner""}, {""name"": ""can"", ""slug"": ""can"", ""uri"": ""https://api.sketchfab.com/v3/tags/can""}, {""name"": ""cola"", ""slug"": ""cola"", ""uri"": ""https://"
paper,cardboard,7a5ea0249e67402484c305d37fa0da2f,Zivid Boxes - 3D machine vision,by,objaverse-1.0,,,False,,,"zivid boxes - 3d machine vision zivid shipping boxes zivid one plus medium is suitable for small to medium objects. the field of view covers typical objects on tables, in standard toes or bins, in picking, assembly, and control applications. * camera model: [zivid one+ medium](http://www.zivid.com/z"
glass,wine bottle,c2fee894e0d04f4ca2888b57e56ab381,Wine Bottle,by,objaverse-1.0,,,False,,,"wine bottle 3d low poly wine bottle. inspired from pirate rum bottles. you are allowed to use it for your animation or else as long as you quote me. if there are any problems with the 3d model let me now so i can help you. [{""name"": ""green"", ""slug"": ""green"", ""uri"": ""https://api.sketchfab.com/v3/tags"
glass,wine bottle,72f5d79f44a7452fbc181845c137ec71,Wine Bottle,by,objaverse-1.0,,,False,,,"wine bottle [{""name"": ""wine"", ""slug"": ""wine"", ""uri"": ""https://api.sketchfab.com/v3/tags/wine""}, {""name"": ""winebottle"", ""slug"": ""winebottle"", ""uri"": ""https://api.sketchfab.com/v3/tags/winebottle""}, {""name"": ""maya3d"", ""slug"": ""maya3d"", ""uri"": ""https://api.sketchfab.com/v3/tags/maya3d""}, {""name"": ""glas"
paper,paper bag,df1a677eb14a432ab65331e9234023b9,Paper bag,by-nc-sa,objaverse-1.0,,,False,,,"paper bag created with polycam [{""name"": ""polycam"", ""slug"": ""polycam"", ""uri"": ""https://api.sketchfab.com/v3/tags/polycam""}] [] by-nc-sa df1a677eb14a432ab65331e9234023b9"
metal,tin can,8c375ece6c444908bf8bfe784c332d30,Tin can banjo,by,objaverse-1.0,,,False,,,"tin can banjo from cookie box) automapping [{""name"": ""study"", ""slug"": ""study"", ""uri"": ""https://api.sketchfab.com/v3/tags/study""}, {""name"": ""xyz-school"", ""slug"": ""xyz-school"", ""uri"": ""https://api.sketchfab.com/v3/tags/xyz-school""}] [{""name"": ""music""}] by 8c375ece6c444908bf8bfe784c332d30"
plastic,water bottle,a0defbb52cd24dfbbea251c3d74dec20,Water Bottle,by,objaverse-1.0,,,False,,,water bottle [] [] by a0defbb52cd24dfbbea251c3d74dec20
plastic,water bottle,3bfd8ae7f7494849be9aa650d2c25006,Water bottle,by,objaverse-1.0,,,False,,,"water bottle this is a glass water bottle with a screw cap, i have render the image, at this link ---> https://drive.google.com/file/d/1efhizecddnfcrkfb0ocrbukiccsq85nq/view?usp=sharing [{""name"": ""water"", ""slug"": ""water"", ""uri"": ""https://api.sketchfab.com/v3/tags/water""}, {""name"": ""waterbottle"", ""sl"
glass,glass bottle,90e32c34f1794167865cfa4e8b0ab0f2,Glass Bottle,by,objaverse-1.0,,,False,,,"glass bottle [] [{""name"": ""characters-creatures""}, {""name"": ""electronics-gadgets""}] by 90e32c34f1794167865cfa4e8b0ab0f2"
glass,wine bottle,9d3d08c653e240d8a2b1327f1b57ff72,Ancient Wine Bottle,by,objaverse-1.0,,,False,,,"ancient wine bottle [{""name"": ""ct4012-2020"", ""slug"": ""ct4012-2020"", ""uri"": ""https://api.sketchfab.com/v3/tags/ct4012-2020""}] [{""name"": ""food-drink""}] by 9d3d08c653e240d8a2b1327f1b57ff72"
glass,glass bottle,f01b27b603d14e769f56b7e83ddfb65a,Simple Glass Bottle,by,objaverse-1.0,,,False,,,"simple glass bottle here is a simple glass bottle i created, hope you like it :p. [{""name"": ""bottle"", ""slug"": ""bottle"", ""uri"": ""https://api.sketchfab.com/v3/tags/bottle""}] [{""name"": ""art-abstract""}, {""name"": ""food-drink""}] by f01b27b603d14e769f56b7e83ddfb65a"
paper,newspaper,e8263114aabc49beab743ace8840affa,Puzzle Newspaper Cover1,by,objaverse-1.0,,,False,,,puzzle newspaper cover1 [] [] by e8263114aabc49beab743ace8840affa
metal,soda can,4e5d012176e5459d9b8cad929999072e,Soda can from Poly by Google,by,objaverse-1.0,,,False,,,"soda can from poly by google this is a backup of a poly asset named soda can. saved from poly by google. preview may be without textures, they are still in the download zip with a preview thumbnail. [{""name"": ""google"", ""slug"": ""google"", ""uri"": ""https://api.sketchfab.com/v3/tags/google""}, {""name"": ""v"
plastic,plastic bottle,fd281a5513594269a2b2932b5370869f,Plastic Bottle - Real Life Replica,by,objaverse-1.0,,,False,,,"plastic bottle - real life replica plastic bottle. 17,288 triangles 8,890 faces 8,759 verts thanks for downloading this bottle and you are free to use it as you wish to. do remember to credit my work if you want to ofcourse. [{""name"": ""replica"", ""slug"": ""replica"", ""uri"": ""https://api.sketchfab.com/v"
metal,beer can,2f16d399a5cd46139bc74643342ce8e7,rusty beer can (low poly),by,objaverse-1.0,,,False,,,"rusty beer can (low poly) rusty beer can in low poly ideal for video games, vr etc... [{""name"": ""vr"", ""slug"": ""vr"", ""uri"": ""https://api.sketchfab.com/v3/tags/vr""}, {""name"": ""ue4"", ""slug"": ""ue4"", ""uri"": ""https://api.sketchfab.com/v3/tags/ue4""}, {""name"": ""unrealengine4"", ""slug"": ""unrealengine4"", ""uri"""
metal,cola can,78c22afa5212423690b5712b40bdfa5f,Rusty Coka Cola Can,by,objaverse-1.0,,,False,,,"rusty coka cola can rusty coka cola can. modeled in may 2017 and textured in 3d coat. [{""name"": ""drink"", ""slug"": ""drink"", ""uri"": ""https://api.sketchfab.com/v3/tags/drink""}, {""name"": ""rust"", ""slug"": ""rust"", ""uri"": ""https://api.sketchfab.com/v3/tags/rust""}, {""name"": ""rusty"", ""slug"": ""rusty"", ""uri"": ""h"
glass,wine bottle,c810196bb3224ed2804084d77577336b,Wine Bottle,by,objaverse-1.0,,,False,,,"wine bottle made in class. [{""name"": ""wine"", ""slug"": ""wine"", ""uri"": ""https://api.sketchfab.com/v3/tags/wine""}, {""name"": ""opacity"", ""slug"": ""opacity"", ""uri"": ""https://api.sketchfab.com/v3/tags/opacity""}, {""name"": ""low_poly"", ""slug"": ""low_poly"", ""uri"": ""https://api.sketchfab.com/v3/tags/low_poly""}, {"""
plastic,water bottle,42827e2ce39145eda296e6d6524f4c3d,Water bottle,by,objaverse-1.0,,,False,,,"water bottle a metal bottle to store your liquids. [{""name"": ""drink"", ""slug"": ""drink"", ""uri"": ""https://api.sketchfab.com/v3/tags/drink""}, {""name"": ""color"", ""slug"": ""color"", ""uri"": ""https://api.sketchfab.com/v3/tags/color""}, {""name"": ""metal"", ""slug"": ""metal"", ""uri"": ""https://api.sketchfab.com/v3/tags"
plastic,water bottle,f5dd9fee10854a3d8288602c32714592,Old sports water bottle,by,objaverse-1.0,,,False,,,"old sports water bottle file .blend textures in 2048 px pbr the roughness of the sucker must go in the transmission roughness (blender principal bsdf) [{""name"": ""food"", ""slug"": ""food"", ""uri"": ""https://api.sketchfab.com/v3/tags/food""}, {""name"": ""water"", ""slug"": ""water"", ""uri"": ""https://api.sketchfab."
paper,cardboard,4412b693cb0443349ac556023a9c5f15,Cardboard Box,by-nc,objaverse-1.0,,,False,,,"cardboard box a very, very simple cardboard box with not the best texture for it but made for just a dark environment [{""name"": ""cardboard"", ""slug"": ""cardboard"", ""uri"": ""https://api.sketchfab.com/v3/tags/cardboard""}, {""name"": ""box"", ""slug"": ""box"", ""uri"": ""https://api.sketchfab.com/v3/tags/box""}, {""n"
plastic,water bottle,910cf7e424e6433abc8a7763bcf9f323,Water Bottle Simple Textures,by,objaverse-1.0,,,False,,,water bottle simple textures a 3d model of my water bottle with simple textures. i will be creating a second version with more complex materials soon. [] [] by 910cf7e424e6433abc8a7763bcf9f323
paper,cardboard,ece545c8149a4305849171d27c8cb28e,Compostable Box .::RAWscan::.,by,objaverse-1.0,,,False,,,"compostable box .::rawscan::. compostable box .::rawscan::. photogrammetry scan [{""name"": ""cardboard"", ""slug"": ""cardboard"", ""uri"": ""https://api.sketchfab.com/v3/tags/cardboard""}, {""name"": ""box"", ""slug"": ""box"", ""uri"": ""https://api.sketchfab.com/v3/tags/box""}, {""name"": ""photogrammetry"", ""slug"": ""photo"
glass,beer bottle,9668b2004b8847b28232eab6d1f22068,Low Poly Beer Bottle,by,objaverse-1.0,,,False,,,"low poly beer bottle a **low poly beer bottle** made in blender. enough said. [{""name"": ""beerbottle"", ""slug"": ""beerbottle"", ""uri"": ""https://api.sketchfab.com/v3/tags/beerbottle""}, {""name"": ""lowpoly"", ""slug"": ""lowpoly"", ""uri"": ""https://api.sketchfab.com/v3/tags/lowpoly""}, {""name"": ""bottle"", ""slug"": """
paper,cardboard,5cb4d0165aea4fecbc84f7400e57082b,Cardboard box,by,objaverse-1.0,,,False,,,"cardboard box a cardboard box. free to use. [{""name"": ""epic"", ""slug"": ""epic"", ""uri"": ""https://api.sketchfab.com/v3/tags/epic""}, {""name"": ""box"", ""slug"": ""box"", ""uri"": ""https://api.sketchfab.com/v3/tags/box""}, {""name"": ""downloadable"", ""slug"": ""downloadable"", ""uri"": ""https://api.sketchfab.com/v3/tags/d"
plastic,milk bottle,5d2fa3a3260d4a4d96165c4b29880e24,A milk bottle.,by,objaverse-1.0,,,False,,,"a milk bottle. just an oldfashioned milk bottle from the times of the ussr. [{""name"": ""soviet"", ""slug"": ""soviet"", ""uri"": ""https://api.sketchfab.com/v3/tags/soviet""}, {""name"": ""cccp"", ""slug"": ""cccp"", ""uri"": ""https://api.sketchfab.com/v3/tags/cccp""}, {""name"": ""milk"", ""slug"": ""milk"", ""uri"": ""https://ap"
metal,tin can,3d97cd65e13641a4a63f78490c748e18,Tin Can,by,objaverse-1.0,,,False,,,"tin can [{""name"": ""cylinder"", ""slug"": ""cylinder"", ""uri"": ""https://api.sketchfab.com/v3/tags/cylinder""}, {""name"": ""tube"", ""slug"": ""tube"", ""uri"": ""https://api.sketchfab.com/v3/tags/tube""}, {""name"": ""can"", ""slug"": ""can"", ""uri"": ""https://api.sketchfab.com/v3/tags/can""}, {""name"": ""tin"", ""slug"": ""tin"", ""u"
metal,cola can,a169b9d5818245168ea45e568fde3551,Coca Cola Can,by,objaverse-1.0,,,False,,,"coca cola can coca cola can 3d model [{""name"": ""drink"", ""slug"": ""drink"", ""uri"": ""https://api.sketchfab.com/v3/tags/drink""}, {""name"": ""can"", ""slug"": ""can"", ""uri"": ""https://api.sketchfab.com/v3/tags/can""}, {""name"": ""coca"", ""slug"": ""coca"", ""uri"": ""https://api.sketchfab.com/v3/tags/coca""}, {""name"": ""coc"
glass,glass bottle,1cc76a57330f409b8a1972953082bde1,Glass bottle,by,objaverse-1.0,,,False,,,"glass bottle seem like i wrong some where. [{""name"": ""blender3dmodel"", ""slug"": ""blender3dmodel"", ""uri"": ""https://api.sketchfab.com/v3/tags/blender3dmodel""}] [{""name"": ""food-drink""}] by 1cc76a57330f409b8a1972953082bde1"
paper,paper cup,8bafbca3288c471f833ebb8071d55f24,Paper Cup,by,objaverse-1.0,,,False,,,paper cup [] [] by 8bafbca3288c471f833ebb8071d55f24
glass,wine bottle,8e6b587bf84840b59ac34da29660c492,Medieval Wine Bottle (Low Poly),by,objaverse-1.0,,,False,,,"medieval wine bottle (low poly) [{""name"": ""substancepainter"", ""slug"": ""substancepainter"", ""uri"": ""https://api.sketchfab.com/v3/tags/substancepainter""}, {""name"": ""substance"", ""slug"": ""substance"", ""uri"": ""https://api.sketchfab.com/v3/tags/substance""}] [] by 8e6b587bf84840b59ac34da29660c492"
metal,coke can,7801926855924780bd4269c671cf0fae,Coke Can,by,objaverse-1.0,,,False,,,coke can [] [] by 7801926855924780bd4269c671cf0fae
glass,wine bottle,dd1a542814ec4121ae8a97efd30c951d,WineBottle Smashed,by,objaverse-1.0,,,False,,,"winebottle smashed a wine bottle labelled ""martyr sir arthur"", smashed [{""name"": ""substancepainter"", ""slug"": ""substancepainter"", ""uri"": ""https://api.sketchfab.com/v3/tags/substancepainter""}, {""name"": ""substance"", ""slug"": ""substance"", ""uri"": ""https://api.sketchfab.com/v3/tags/substance""}] [] by dd1a5"
paper,newspaper,c4311a0b918643af97904e10c7a34efc,[CC0] Newspaper Stack - Ready to Unity HDRP,by,objaverse-1.0,,,False,,,"[cc0] newspaper stack - ready to unity hdrp **totaly free** [cc0 1.0 universal (cc0 1.0) public domain dedication ](https://creativecommons.org/publicdomain/zero/1.0/deed.en) low poly high detailed newspaper stack. all meshes 2132 triangles, textures made with photoshop and xnormal. **ready to unity"
metal,soda can,36c25d2118bf44488ad8d6faf7fce037,Soda Can,by,objaverse-1.0,,,False,,,"soda can a can of soda. gluten-free as well! made in maya 2016. textured in gimp. trying to learn how to use gimp. [{""name"": ""can"", ""slug"": ""can"", ""uri"": ""https://api.sketchfab.com/v3/tags/can""}, {""name"": ""soda"", ""slug"": ""soda"", ""uri"": ""https://api.sketchfab.com/v3/tags/soda""}, {""name"": ""soda-can"", "
glass,wine bottle,90f7ee8778624769a918f833bf7e00a4,Wine Bottle,by,objaverse-1.0,,,False,,,"wine bottle wine bottle modeled for class. [{""name"": ""wine"", ""slug"": ""wine"", ""uri"": ""https://api.sketchfab.com/v3/tags/wine""}, {""name"": ""winebottle"", ""slug"": ""winebottle"", ""uri"": ""https://api.sketchfab.com/v3/tags/winebottle""}, {""name"": ""bottle"", ""slug"": ""bottle"", ""uri"": ""https://api.sketchfab.com/v"
plastic,water bottle,fdc859edc8274342ba00a47f84c148d9,Plastic Water Bottle,by,objaverse-1.0,,,False,,,"plastic water bottle an accurately scaled plastic water bottle. [{""name"": ""water"", ""slug"": ""water"", ""uri"": ""https://api.sketchfab.com/v3/tags/water""}, {""name"": ""bottles"", ""slug"": ""bottles"", ""uri"": ""https://api.sketchfab.com/v3/tags/bottles""}, {""name"": ""plastic-bottle"", ""slug"": ""plastic-bottle"", ""uri"
paper,newspaper,8445d7c3a16d43d1837bc8a07ab82d0a,Puesto De Diario,by,objaverse-1.0,,,False,,,"puesto de diario puesto de diarios. hecho en [blender♥](https://www.blender.org/) [{""name"": ""newspaper"", ""slug"": ""newspaper"", ""uri"": ""https://api.sketchfab.com/v3/tags/newspaper""}, {""name"": ""shop"", ""slug"": ""shop"", ""uri"": ""https://api.sketchfab.com/v3/tags/shop""}] [{""name"": ""places-travel""}] by 8445d"
paper,cardboard,63a4f11f28874cb687bc0d7e10881364,cardboard campground,by-sa,objaverse-1.0,,,False,,,"cardboard campground a cardboard campground [{""name"": ""3dlivescanner"", ""slug"": ""3dlivescanner"", ""uri"": ""https://api.sketchfab.com/v3/tags/3dlivescanner""}, {""name"": ""scanned_by_samsung_sm-g996u"", ""slug"": ""scanned_by_samsung_sm-g996u"", ""uri"": ""https://api.sketchfab.com/v3/tags/scanned_by_samsung_sm-g9"
plastic,plastic bottle,777574aecc7641f4a8b93da376a5d1be,Plastic Bottle,by,objaverse-1.0,,,False,,,"plastic bottle this is the model i made for the application of small studio, they wanted a real life referenced plastic bottle model so i made it for practice. there is only high poly model and no textures. i suggest to use matcap while you are checking the model. download and use however you like ["
plastic,water bottle,5df5ba30d0794a62944583a21e73353c,Water Bottle,by,objaverse-1.0,,,False,,,water bottle [] [] by 5df5ba30d0794a62944583a21e73353c
metal,soda can,a0a1eaf4185c440c816bc085f1af4bfb,7UP Soda Can,by,objaverse-1.0,,,False,,,"7up soda can 7up in a can. [{""name"": ""cans"", ""slug"": ""cans"", ""uri"": ""https://api.sketchfab.com/v3/tags/cans""}] [{""name"": ""furniture-home""}] by a0a1eaf4185c440c816bc085f1af4bfb"
plastic,water bottle,c002e2aa017d49ae8e6dbd295cca3914,Water Bottle,by,objaverse-1.0,,,False,,,"water bottle a simple water bottle. [] [{""name"": ""electronics-gadgets""}] by c002e2aa017d49ae8e6dbd295cca3914"
plastic,water bottle,b7ad81c62950477883d3c2e1e2c12287,Object3 - Water Bottle,by,objaverse-1.0,,,False,,,object3 - water bottle [] [] by b7ad81c62950477883d3c2e1e2c12287
plastic,water bottle,a98ac207474c476f80be6e768315be1e,Water Bottle - TinkerCad,by,objaverse-1.0,,,False,,,water bottle - tinkercad [] [] by a98ac207474c476f80be6e768315be1e
glass,wine bottle,53cc3d38d3ea41e285e53e41bb2d624e,Wine Bottle,by,objaverse-1.0,,,False,,,wine bottle [] [] by 53cc3d38d3ea41e285e53e41bb2d624e
metal,soda can,aaa11e57064848268d701a3586792d0d,Simple Cola Can,by,objaverse-1.0,,,False,,,"simple cola can here is another soda can i created, but this time with better detail. took meh 3 hours but was worth it, hope you like it :p. [{""name"": ""drink"", ""slug"": ""drink"", ""uri"": ""https://api.sketchfab.com/v3/tags/drink""}, {""name"": ""prop"", ""slug"": ""prop"", ""uri"": ""https://api.sketchfab.com/v3/t"
metal,soda can,fecd4450f9d14948ba05d6d8dcec883c,Soda Can,by,objaverse-1.0,,,False,,,"soda can ***cool & refreshing*** downloadable for the nerds who really want this [{""name"": ""drink"", ""slug"": ""drink"", ""uri"": ""https://api.sketchfab.com/v3/tags/drink""}, {""name"": ""food"", ""slug"": ""food"", ""uri"": ""https://api.sketchfab.com/v3/tags/food""}, {""name"": ""can"", ""slug"": ""can"", ""uri"": ""https://ap"
paper,cardboard,390e8201432a4ef3813316953cacee95,Cardboard box,by,objaverse-1.0,,,False,,,"cardboard box low poly cardboard box. made in blander. [{""name"": ""cardboard"", ""slug"": ""cardboard"", ""uri"": ""https://api.sketchfab.com/v3/tags/cardboard""}, {""name"": ""box"", ""slug"": ""box"", ""uri"": ""https://api.sketchfab.com/v3/tags/box""}, {""name"": ""cardbox"", ""slug"": ""cardbox"", ""uri"": ""https://api.sketchf"
glass,glass bottle,beb69bc08a8f487ab8c5207fb155cbf2,Glass Bottle,by,objaverse-1.0,,,False,,,"glass bottle [{""name"": ""glass"", ""slug"": ""glass"", ""uri"": ""https://api.sketchfab.com/v3/tags/glass""}, {""name"": ""bottle"", ""slug"": ""bottle"", ""uri"": ""https://api.sketchfab.com/v3/tags/bottle""}] [{""name"": ""furniture-home""}] by beb69bc08a8f487ab8c5207fb155cbf2"
glass,glass bottle,f9af6208d60340699052594b0a18baa1,1905_vaseline+soya milk,by,objaverse-1.0,,,False,,,"1905_vaseline+soya milk glass bottle covered in vaseline and filled with soya milk [] [{""name"": ""furniture-home""}] by f9af6208d60340699052594b0a18baa1"
paper,cardboard,2812b03176ba47afb9b1aade71081014,Packaging from Piotr Mikolasch’s pharmacy,cc0,objaverse-1.0,,,False,,,"packaging from piotr mikolasch’s pharmacy packaging from piotr mikolasch’s pharmacy in lviv id no.: kgz 6822/31 museum: the museum of pharmacy at the jagiellonian university medical college in kraków https://muzea.malopolska.pl/en/objects-list/1709 digitalisation: rdw mic, virtual małopolska project"
paper,cardboard,48181e8dec5a4505950e797aec69eeec,Mon Komo OBJ,by,objaverse-1.0,,,False,,,"mon komo obj monkomo 3dre cardboard [{""name"": ""3dre"", ""slug"": ""3dre"", ""uri"": ""https://api.sketchfab.com/v3/tags/3dre""}] [{""name"": ""science-technology""}] by 48181e8dec5a4505950e797aec69eeec"
plastic,water bottle,7c5a28b71605458f8b99f3ec4cb0d798,Water Bottle Textured (Grip & Leaf Pattern),by,objaverse-1.0,,,False,,,"water bottle textured (grip & leaf pattern) [{""name"": ""water"", ""slug"": ""water"", ""uri"": ""https://api.sketchfab.com/v3/tags/water""}, {""name"": ""bottles"", ""slug"": ""bottles"", ""uri"": ""https://api.sketchfab.com/v3/tags/bottles""}, {""name"": ""bottle"", ""slug"": ""bottle"", ""uri"": ""https://api.sketchfab.com/v3/tag"
metal,soda can,0db78b8bfcdb4c559b3bc8f63cbb5689,Cans!,by,objaverse-1.0,,,False,,,"cans! - soda can - beer can - sardine can - beans can modeled in blender 2.82 [{""name"": ""can"", ""slug"": ""can"", ""uri"": ""https://api.sketchfab.com/v3/tags/can""}, {""name"": ""beer"", ""slug"": ""beer"", ""uri"": ""https://api.sketchfab.com/v3/tags/beer""}, {""name"": ""soda"", ""slug"": ""soda"", ""uri"": ""https://api.sketc"
paper,cardboard,54fa3f6d3c144e9b9d36489b9b1b33ef,Packaging for Kefir Grains,cc0,objaverse-1.0,,,False,,,"packaging for kefir grains the box for chulamski’s kefir grains, along with the raw material in it, comes from the “pod gwiazdą” [“the star”] pharmacy in lwów, which was owned by piotr mikolasch. the box contains dry kefir grains (lat. dispora caucasica), from which one could prepare kefir. the grai"
metal,cola can,18326cd8315c4712ab5d880efe79b44d,Cola Can,by,objaverse-1.0,,,False,,,"cola can cola can textures 2k [{""name"": ""can"", ""slug"": ""can"", ""uri"": ""https://api.sketchfab.com/v3/tags/can""}, {""name"": ""cola"", ""slug"": ""cola"", ""uri"": ""https://api.sketchfab.com/v3/tags/cola""}, {""name"": ""cola-bottle"", ""slug"": ""cola-bottle"", ""uri"": ""https://api.sketchfab.com/v3/tags/cola-bottle""}] [{"
paper,cardboard,e2e92612fd1449888305f157eb71b904,Cardboard pieces,by,objaverse-1.0,,,False,,,"cardboard pieces [{""name"": ""cardboard"", ""slug"": ""cardboard"", ""uri"": ""https://api.sketchfab.com/v3/tags/cardboard""}, {""name"": ""handpainted"", ""slug"": ""handpainted"", ""uri"": ""https://api.sketchfab.com/v3/tags/handpainted""}] [{""name"": ""furniture-home""}] by e2e92612fd1449888305f157eb71b904"
metal,soda can,2cf41e5ed76c409a9966c4828246ee45,Soft Drink Yellow,by,objaverse-1.0,,,False,,,soft drink yellow coughs hold on let me get a sip opens up soda can by latenighttyping gulp ahhh that tastes like card board. besides the taste these drinks are ay okay for people who don’t like logos on their games. this is a low poly pack. so those of you who still program games on windows 95 i go
paper,newspaper,ce07b470feba4678be06085e4839fc89,13-Pocket Wall newspaper panel,by,objaverse-1.0,,,False,,,13-pocket wall newspaper panel [] [] by ce07b470feba4678be06085e4839fc89
plastic,water bottle,2f86b914dd44474f8c3945b002137b0e,Nike Water Bottle,by,objaverse-1.0,,,False,,,"nike water bottle water bottle, hydroflask style, spill [{""name"": ""water"", ""slug"": ""water"", ""uri"": ""https://api.sketchfab.com/v3/tags/water""}, {""name"": ""bottle"", ""slug"": ""bottle"", ""uri"": ""https://api.sketchfab.com/v3/tags/bottle""}, {""name"": ""hydroflask"", ""slug"": ""hydroflask"", ""uri"": ""https://api.ske"
paper,newspaper,7ea6582daadd4d6f9c685b5d1de07fa7,Bolete 2,by,objaverse-1.0,,,False,,,"bolete 2 another attempt at photoscanning, this time using a screen base, a glass, some newspaper and the arm from an electric mixer as a makeshift stand. (this in an attempt to replicate mrrat's setup from here: https://sketchfab.com/models/893d995dbca74a6280016c25c0f043e4) meshroom for the photosc"
metal,soda can,4551ff1f90244f9c80c7e79a0206f717,Soda Can,by,objaverse-1.0,,,False,,,soda can [] [] by 4551ff1f90244f9c80c7e79a0206f717
glass,wine bottle,792dbf6bfa35449ea6b5b8dc6c090825,Wine Bottle,by,objaverse-1.0,,,False,,,"wine bottle wine bottle made for a university project. [{""name"": ""wine"", ""slug"": ""wine"", ""uri"": ""https://api.sketchfab.com/v3/tags/wine""}, {""name"": ""university"", ""slug"": ""university"", ""uri"": ""https://api.sketchfab.com/v3/tags/university""}, {""name"": ""unreal"", ""slug"": ""unreal"", ""uri"": ""https://api.ske"
plastic,plastic cup,0e7f5ccb3d2c4177b806a67cb9fc5107,Low Poly Plastic Cup,by-sa,objaverse-1.0,,,False,,,"low poly plastic cup [{""name"": ""plasticcup"", ""slug"": ""plasticcup"", ""uri"": ""https://api.sketchfab.com/v3/tags/plasticcup""}, {""name"": ""lowpoly"", ""slug"": ""lowpoly"", ""uri"": ""https://api.sketchfab.com/v3/tags/lowpoly""}, {""name"": ""cup"", ""slug"": ""cup"", ""uri"": ""https://api.sketchfab.com/v3/tags/cup""}, {""nam"
paper,newspaper,e9c428ceeee6415599715bfc8a145405,Dark magazine,by,objaverse-1.0,,,False,,,"dark magazine [{""name"": ""news"", ""slug"": ""news"", ""uri"": ""https://api.sketchfab.com/v3/tags/news""}, {""name"": ""magazine"", ""slug"": ""magazine"", ""uri"": ""https://api.sketchfab.com/v3/tags/magazine""}, {""name"": ""newspaper"", ""slug"": ""newspaper"", ""uri"": ""https://api.sketchfab.com/v3/tags/newspaper""}, {""name"": "
plastic,soda bottle,c2ed3556af1f48a5a7e7f2f60ccda646,Soda Bottle,by,objaverse-1.0,,,False,,,"soda bottle cola drink bottle [{""name"": ""drink"", ""slug"": ""drink"", ""uri"": ""https://api.sketchfab.com/v3/tags/drink""}, {""name"": ""cola"", ""slug"": ""cola"", ""uri"": ""https://api.sketchfab.com/v3/tags/cola""}, {""name"": ""coke"", ""slug"": ""coke"", ""uri"": ""https://api.sketchfab.com/v3/tags/coke""}, {""name"": ""soda"", "
plastic,plastic bag,e51f0e4320f84bd194041bb59c72066a,Plastic Bag Dirty 2,by,objaverse-1.0,,,False,,,"plastic bag dirty 2 [{""name"": ""substancepainter"", ""slug"": ""substancepainter"", ""uri"": ""https://api.sketchfab.com/v3/tags/substancepainter""}, {""name"": ""substance"", ""slug"": ""substance"", ""uri"": ""https://api.sketchfab.com/v3/tags/substance""}] [] by e51f0e4320f84bd194041bb59c72066a"
plastic,plastic bag,1a4bbf8e4ee4421e9a029d399e5c9746,Plastic Bag Dirty 3,by,objaverse-1.0,,,False,,,"plastic bag dirty 3 [{""name"": ""substancepainter"", ""slug"": ""substancepainter"", ""uri"": ""https://api.sketchfab.com/v3/tags/substancepainter""}, {""name"": ""substance"", ""slug"": ""substance"", ""uri"": ""https://api.sketchfab.com/v3/tags/substance""}] [] by 1a4bbf8e4ee4421e9a029d399e5c9746"
glass,glass bottle,f2adc7ee40cc45a5acb094194ae4c4cd,mushroom in a bottle_bystblend,by,objaverse-1.0,,,False,,,mushroom in a bottle_bystblend ![renderd image in cycles](https://i.ibb.co/dkns4bf/mushroom-in-abottle.png) the 3d view is not correct in sketchfab thats why the bottle is not glass but in blender in renderd view you will get transparent glass bottle. if you want to move bottle select all object in 
glass,wine bottle,2303628f0243427bbe81c51dda60aab4,Wine Bottle,by-nc,objaverse-1.0,,,False,,,"wine bottle [{""name"": ""wine"", ""slug"": ""wine"", ""uri"": ""https://api.sketchfab.com/v3/tags/wine""}, {""name"": ""lowpoly"", ""slug"": ""lowpoly"", ""uri"": ""https://api.sketchfab.com/v3/tags/lowpoly""}, {""name"": ""bottle"", ""slug"": ""bottle"", ""uri"": ""https://api.sketchfab.com/v3/tags/bottle""}] [] by-nc 2303628f024342"
metal,soda can,020f20e5150a45cbbeeb64581129a9f1,Soda can ARt,by-nc-sa,objaverse-1.0,,,False,,,"soda can art gartbage created with polycam [{""name"": ""polycam"", ""slug"": ""polycam"", ""uri"": ""https://api.sketchfab.com/v3/tags/polycam""}] [] by-nc-sa 020f20e5150a45cbbeeb64581129a9f1"
metal,coke can,bbe354abb6714da9b5a405487a2987ac,Coke Can,by,objaverse-1.0,,,False,,,coke can high poly model of a can of coke. [] [] by bbe354abb6714da9b5a405487a2987ac
paper,cardboard,df29f653b40e46018715452bd8d5e6e7,Pizza Box,by,objaverse-1.0,,,False,,,"pizza box low poly box from dodo pizza. 4k jpg texture - - most of my models are free, so you can support my work, link in profile. or just hit like⭐ [{""name"": ""food"", ""slug"": ""food"", ""uri"": ""https://api.sketchfab.com/v3/tags/food""}, {""name"": ""dodo"", ""slug"": ""dodo"", ""uri"": ""https://api.sketchfab.com"
glass,glass bottle,c6e3348739f04e6fb21e76086e3ecd4c,Glass Bottle Of Neatsfoot Oil: EOA:2022.112.7,by-nc-sa,objaverse-1.0,,,False,,,glass bottle of neatsfoot oil: eoa:2022.112.7 glass bottle of neatsfoot oil from the wreck of the earl of abergavenny. id: eoa:2022.112.7 collection: earl of abergavenny classification: trade/crew/military measurements: width 75mm length 219mm date made: as yet unknown display: not on display manufa
plastic,water bottle,095b27cd328048439d6967c4d0f0a759,Water Bottle,by,objaverse-1.0,,,False,,,"water bottle this model was created for the modelling in 3d assignment, and is uploaded in .obj file format. [] [{""name"": ""food-drink""}] by 095b27cd328048439d6967c4d0f0a759"
glass,wine bottle,0d1289a641b74b3497faea4a74f64669,Valdemar bottle (Comission),by-nc,objaverse-1.0,,,False,,,"valdemar bottle (comission) valdemar wine bottle. [{""name"": ""wine"", ""slug"": ""wine"", ""uri"": ""https://api.sketchfab.com/v3/tags/wine""}, {""name"": ""substancepainter"", ""slug"": ""substancepainter"", ""uri"": ""https://api.sketchfab.com/v3/tags/substancepainter""}, {""name"": ""substance"", ""slug"": ""substance"", ""uri"
metal,coke can,715f375555634780890d84a00a2007ec,Coke Can,by,objaverse-1.0,,,False,,,"coke can photoreal coke can ideal for packshots and animation [{""name"": ""substancepainter"", ""slug"": ""substancepainter"", ""uri"": ""https://api.sketchfab.com/v3/tags/substancepainter""}, {""name"": ""substance"", ""slug"": ""substance"", ""uri"": ""https://api.sketchfab.com/v3/tags/substance""}] [] by 715f3755556347"
metal,cola can,552ef2ca1da644cb98bcf618f10e2b12,Coca-Cola,by,objaverse-1.0,,,False,,,"coca-cola this is the coca-cola can [{""name"": ""can"", ""slug"": ""can"", ""uri"": ""https://api.sketchfab.com/v3/tags/can""}, {""name"": ""coke"", ""slug"": ""coke"", ""uri"": ""https://api.sketchfab.com/v3/tags/coke""}, {""name"": ""cocacola"", ""slug"": ""cocacola"", ""uri"": ""https://api.sketchfab.com/v3/tags/cocacola""}, {""nam"
glass,glass bottle,6bb41eb613c44447a3613130a5366f9e,1905_sticky notes,by,objaverse-1.0,,,False,,,"1905_sticky notes glass bottle covered in sticky notes [] [{""name"": ""furniture-home""}] by 6bb41eb613c44447a3613130a5366f9e"
glass,broken bottle,692152eb84834bc9b3c8d3fb74fe6069,Broken Bottle 2,by,objaverse-1.0,,,False,,,broken bottle 2 [] [] by 692152eb84834bc9b3c8d3fb74fe6069
plastic,plastic bottle,6f10ebe5d0c2423da325757c296653d3,Plastic Bottle,by,objaverse-1.0,,,False,,,"plastic bottle a plastic water bottle [{""name"": ""plasticbottle"", ""slug"": ""plasticbottle"", ""uri"": ""https://api.sketchfab.com/v3/tags/plasticbottle""}, {""name"": ""waterbottle"", ""slug"": ""waterbottle"", ""uri"": ""https://api.sketchfab.com/v3/tags/waterbottle""}, {""name"": ""bottle"", ""slug"": ""bottle"", ""uri"": ""ht"
plastic,pet bottle,90e93d94cb2a4a09bedd0c90ffcae40a,Face Shield - Open Source - v.5.2,by-sa,objaverse-1.0,,,False,,,"face shield - open source - v.5.2 open source, 3d printed face shields, that require no tools and no elastic band for assembly. all you need is a transparent sheet - can be a binding sheet or even cut-out pet bottle and any string or band. takes a4/a3 or letter sized sheets, self-tightening and clip"
glass,wine bottle,d03766ba61f2468aa95709ce84b5a4e4,Wine Bottle Burgundy Style,by,objaverse-1.0,,,False,,,"wine bottle burgundy style small project i did as a gamedev asset, feel free to use, it's nothing too complex; no cork, no label. [{""name"": ""wine"", ""slug"": ""wine"", ""uri"": ""https://api.sketchfab.com/v3/tags/wine""}, {""name"": ""burgundy"", ""slug"": ""burgundy"", ""uri"": ""https://api.sketchfab.com/v3/tags/bur"
glass,broken glass,a156bca89fb14a0086024e6f332e764e,Glass Neck With Stopper: EOA:2022.2.5,by-nc-sa,objaverse-1.0,,,False,,,glass neck with stopper: eoa:2022.2.5 glass neck with stopper from the wreck of the earl of abergavenny. id: eoa:2022.2.5 collection: earl of abergavenny classification: trade measurements: diametre 30mm height 70mm date made: as yet unknown display: not on display manufacturer/creator: as yet unkno
